Ref,Val,Package,PosX,PosY,Rot,Side
"H1","1550Z109","1550Z109",166.500000,-160.000000,0.000000,top
"SW1","Switch_SW_Push","MX-KailhClip-1.00u-no-top-ring",119.000000,-100.000000,0.000000,top
"SW2","Switch_SW_Push","MX-KailhClip-1.00u-no-top-ring",138.000000,-100.000000,0.000000,top
"SW3","Switch_SW_Push","MX-KailhClip-1.00u-no-top-ring",157.000000,-100.000000,0.000000,top
"SW4","Switch_SW_Push","MX-KailhClip-1.00u-no-top-ring",176.000000,-100.000000,0.000000,top
"SW5","Switch_SW_Push","MX-KailhClip-1.00u-no-top-ring",195.000000,-100.000000,0.000000,top
"SW6","Switch_SW_Push","MX-KailhClip-1.00u-no-top-ring",214.000000,-100.000000,0.000000,top
